,state,point,latitude,longitude,radians_parallel,length_parallel,radians_orthogonal,length_orthogonal,perp_slope,slope,end_longitude,end_latitude,chunk,lead_lat,lead_lon,lead_end_lat,lead_end_lon,pol_ID_parallel,
3.1,AL,131,-10.26,-36.259998,0,4.21,-0.578865856,3.45,-0.653548681,1.530107901,-32.049998,-10.26,3,-10.05,-36.029999,-10.05,-31.9699991,chunk_3_61,2800605
3.3,AL,138,-10.05,-36.029999,0,4.0599999,-0.578865856,3.45,-0.653548681,1.530107901,-31.9699991,-10.05,3,-9.9399996,-35.959999,-9.9399996,-32.0999991,chunk_3_62,2805307
3.4,AL,139,-9.9399996,-35.959999,0,3.8599999,-0.578865856,3.45,-0.653548681,1.530107901,-32.0999991,-9.9399996,3,-9.8500004,-35.91,-9.8500004,-32.3100001,chunk_3_63,2804904
3.5,AL,132,-9.8500004,-35.91,0,3.5999999,-0.578865856,3.45,-0.653548681,1.530107901,-32.3100001,-9.8500004,3,-9.79,-35.860001,-9.79,-32.4300009,chunk_3_64,2800704
3.6,AL,140,-9.79,-35.860001,0,3.4300001,-0.578865856,3.45,-0.653548681,1.530107901,-32.4300009,-9.79,3,-9.71,-35.790001,-9.71,-32.6500009,chunk_3_65,
3.7,AL,133,-9.71,-35.790001,0,3.1400001,-0.578865856,3.45,-0.653548681,1.530107901,-32.6500009,-9.71,3,-9.4899998,-35.560001,-9.4899998,-33.040001,chunk_3_66,2706802
3.8,AL,134,-9.4899998,-35.560001,0,2.52,-0.578865856,3.45,-0.653548681,1.530107901,-33.040001,-9.4899998,3,-9.4399996,-35.529999,-9.4399996,-33.2099991,chunk_3_67,2702702
3.9,AL,141,-9.4399996,-35.529999,0,2.3199999,-0.578865856,3.45,-0.653548681,1.530107901,-33.2099991,-9.4399996,3,-9.3599997,-35.470001,-9.3599997,-33.3500011,chunk_3_68,2702306
3.1,AL,142,-9.3599997,-35.470001,0,2.1199999,-0.578865856,3.45,-0.653548681,1.530107901,-33.3500011,-9.3599997,3,-9.2799997,-35.389999,-9.2799997,-33.509999,chunk_3_69,2703759
3.11,AL,135,-9.2799997,-35.389999,0,1.88,-0.578865856,3.4400001,-0.653548681,1.530107901,-33.509999,-9.2799997,3,-9.2299995,-35.34,-9.2299995,-33.63,chunk_3_70,2707800
3.12,AL,143,-9.2299995,-35.34,0,1.71,-0.578865856,3.4400001,-0.653548681,1.530107901,-33.63,-9.2299995,3,-9.1599998,-35.299999,-9.1599998,-33.769999,chunk_3_71,2700607
3.13,AL,144,-9.1599998,-35.299999,0,1.53,-0.578865856,3.4400001,-0.653548681,1.530107901,-33.769999,-9.1599998,3,-9.0600004,-35.240002,-9.0600004,-33.990002,chunk_3_72,2704708
3.14,AL,155,-9.0600004,-35.240002,0,1.25,-0.578865856,3.4400001,-0.653548681,1.530107901,-33.990002,-9.0600004,3,-8.9099998,-35.150002,-8.9099998,-34.280002,chunk_3_73,2704302
3.15,AL,145,-8.9099998,-35.150002,0,0.87,-0.578865856,3.4400001,-0.653548681,1.530107901,-34.280002,-8.9099998,3,-8.8599997,-35.130001,-8.8599997,-34.42000102,chunk_3_74,2706448
3.16,AL,156,-8.8599997,-35.130001,0,0.70999998,-0.578865856,3.4400001,-0.653548681,1.530107901,-34.42000102,-8.8599997,3,-8.7799997,-35.099998,-8.7799997,-34.55999798,chunk_3_75,2700508
3.17,AL,146,-8.7799997,-35.099998,0,0.54000002,-0.578865856,3.4400001,-0.653548681,1.530107901,-34.55999798,-8.7799997,3,-8.6899996,-35.09,-8.6899996,-34.80000001,chunk_3_76,2706505
3.19,AL,147,-8.6899996,-35.09,0,0.28999999,-0.578865856,3.45,-0.653548681,1.530107901,-34.80000001,-8.6899996,3,-8.3699999,-34.959999,-8.3699999,-31.479999,chunk_3_77,2708709
1.24,AP,251,0.69999999,-50.23,0,0.91000003,0.445818577,2,0.477908306,-2.092451599,-49.31999997,0.69999999,1,1.24,-49.91,1.24,-48.77,chunk_1_1,
1.25,AP,252,1.24,-49.91,0,1.14,0.445818577,2.5,0.477908306,-2.092451599,-48.77,1.24,1,2.1500001,-50.689999,2.1500001,-47.8199991,chunk_1_2,
1.23,AP,253,2.1500001,-50.689999,0,2.8699999,0.445818577,3.8,0.477908306,-2.092451599,-47.8199991,2.1500001,1,3.9200001,-51.150002,3.9200001,-47.380002,chunk_1_3,
1.22,AP,254,3.9200001,-51.150002,0,3.77,0.445818577,3.5,0.477908306,-2.092451599,-47.380002,3.9200001,1,4.5,-51.639999,4.5,-47.859999,chunk_1_4,
3.27,BA1,121,-12.4,-37.889999,0,2.0799999,-0.660354938,3.5,-0.7766738,1.287541822,-35.8099991,-12.4,3,-12.22,-37.759998,-12.22,-35.989998,chunk_3_50,2927408
3.28,BA1,122,-12.22,-37.759998,0,1.77,-0.660354938,3.5,-0.7766738,1.287541822,-35.989998,-12.22,3,-12.1,-37.689999,-12.1,-36.239999,chunk_3_51,2919207
3.29,BA1,123,-12.1,-37.689999,0,1.45,-0.660354938,3.5,-0.7766738,1.287541822,-36.239999,-12.1,3,-11.74,-37.52,-11.74,-36.54999997,chunk_3_52,2905701
3.3,BA1,124,-11.74,-37.52,0,0.97000003,-0.660354938,3.51,-0.7766738,1.287541822,-36.54999997,-11.74,3,-11.44,-37.34,-11.44,-37,chunk_3_53,2921005
3.31,BA1,125,-11.44,-37.34,0,0.34,-0.660354938,3.51,-0.7766738,1.287541822,-37,-11.44,3,-11.16,-37.16,-11.16,-35.24,chunk_3_54,2910503
3.34,BA2,96,-18,-39.490002,0,4.3600001,-0.247571232,4.29,-0.252756397,3.956378601,-35.1300019,-18,3,-17.82,-39.279999,-17.82,-35.1299989,chunk_3_25,
3.35,BA2,97,-17.82,-39.279999,0,4.1500001,-0.247571232,4.1500001,-0.252756397,3.956378601,-35.1299989,-17.82,3,-17.68,-39.139999,-17.68,-35.139999,chunk_3_26,
3.37,BA2,98,-17.68,-39.139999,0,4,-0.247571232,4.0599999,-0.252756397,3.956378601,-35.139999,-17.68,3,-17.440001,-39.189999,-17.440001,-35.1799988,chunk_3_27,
3.36,BA2,99,-17.440001,-39.189999,0,4.0100002,-0.247571232,4.1399999,-0.252756397,3.956378601,-35.1799988,-17.440001,3,-16.889999,-39.119999,-16.889999,-35.2999991,chunk_3_28,2922003
3.38,BA2,100,-16.889999,-39.119999,0,3.8199999,-0.247571232,3.97,-0.252756397,3.956378601,-35.2999991,-16.889999,3,-16.34,-39.009998,-16.34,-35.4199981,chunk_3_29,2923001
3.41,BA2,101,-16.34,-39.009998,0,3.5899999,-0.247571232,3.8,-0.252756397,3.956378601,-35.4199981,-16.34,3,-16.09,-38.950001,-16.09,-35.410001,chunk_3_30,2906907
3.49,BA2,102,-16.09,-38.950001,0,3.54,-0.247571232,3.6800001,-0.252756397,3.956378601,-35.410001,-16.09,3,-15.76,-38.889999,-15.76,-35.369999,chunk_3_31,2900801
3.53,BA2,103,-15.76,-38.889999,0,3.52,-0.247571232,3.6800001,-0.252756397,3.956378601,-35.369999,-15.76,3,-15.39,-38.970001,-15.39,-35.4000011,chunk_3_32,2925501
3.45,BA2,104,-15.39,-38.970001,0,3.5699999,-0.247571232,3.72,-0.252756397,3.956378601,-35.4000011,-15.39,3,-15.09,-39,-15.09,-35.48,chunk_3_33,2925303
3.42,BA2,105,-15.09,-39,0,3.52,-0.247571232,3.75,-0.252756397,3.956378601,-35.48,-15.09,3,-14.51,-39.040001,-14.51,-35.1800011,chunk_3_34,2927705
3.39,BA2,113,-14.51,-39.040001,0,3.8599999,-0.247571232,3.72,-0.252756397,3.956378601,-35.1800011,-14.51,3,-14.41,-39.02,-14.41,-35.1299999,chunk_3_35,2903409
3.4,BA2,106,-14.41,-39.02,0,3.8900001,-0.247571232,3.73,-0.252756397,3.956378601,-35.1299999,-14.41,3,-14.22,-38.990002,-14.22,-34.990002,chunk_3_36,2906303
3.43,BA2,114,-14.22,-38.990002,0,4,-0.247571232,3.79,-0.252756397,3.956378601,-34.990002,-14.22,3,-13.87,-38.950001,-13.87,-34.8200009,chunk_3_37,2932507
3.5,BA2,115,-13.87,-38.950001,0,4.1300001,-0.247571232,3.8399999,-0.252756397,3.956378601,-34.8200009,-13.87,3,-13.85,-38.959999,-13.85,-34.7699989,chunk_3_38,2913606
3.48,BA2,109,-13.85,-38.959999,0,4.1900001,-0.247571232,3.8399999,-0.252756397,3.956378601,-34.7699989,-13.85,3,-13.84,-38.970001,-13.84,-34.7800009,chunk_3_39,2932705
3.46,BA2,107,-13.84,-38.970001,0,4.1900001,-0.247571232,3.8399999,-0.252756397,3.956378601,-34.7800009,-13.84,3,-13.71,-38.990002,-13.71,-34.6900018,chunk_3_40,2914901
3.44,BA2,108,-13.71,-38.990002,0,4.3000002,-0.247571232,3.9300001,-0.252756397,3.956378601,-34.6900018,-13.71,3,-13.67,-38.970001,-13.67,-34.6600011,chunk_3_41,2920700
3.47,BA2,116,-13.67,-38.970001,0,4.3099999,-0.247571232,3.95,-0.252756397,3.956378601,-34.6600011,-13.67,3,-13.39,-38.950001,-13.39,-34.6000011,chunk_3_42,2905800
3.51,BA2,117,-13.39,-38.950001,0,4.3499999,-0.247571232,4.02,-0.252756397,3.956378601,-34.6000011,-13.39,3,-13.21,-38.919998,-13.21,-34.8099979,chunk_3_43,2913457
3.52,BA2,110,-13.21,-38.919998,0,4.1100001,-0.247571232,4.0700002,-0.252756397,3.956378601,-34.8099979,-13.21,3,-13.14,-38.799999,-13.14,-34.9199989,chunk_3_44,2917300
3.54,BA2,118,-13.14,-38.799999,0,3.8800001,-0.247571232,4,-0.252756397,3.956378601,-34.9199989,-13.14,3,-13.01,-38.59,-13.01,-35.0300001,chunk_3_45,2922607
3.55,BA2,111,-13.01,-38.59,0,3.5599999,-0.247571232,3.95,-0.252756397,3.956378601,-35.0300001,-13.01,3,-12.91,-38.310001,-12.91,-35.1500009,chunk_3_46,2905404
3.56,BA2,119,-12.91,-38.310001,0,3.1600001,-0.247571232,3.78,-0.252756397,3.956378601,-35.1500009,-12.91,3,-12.88,-38.279999,-12.88,-35.249999,chunk_3_47,2932903
3.57,BA2,112,-12.88,-38.279999,0,3.03,-0.247571232,3.6700001,-0.252756397,3.956378601,-35.249999,-12.88,3,-12.6,-38.029999,-12.6,-35.4199991,chunk_3_48,2917805
3.58,BA2,120,-12.6,-38.029999,0,2.6099999,-0.247571232,3.23,-0.252756397,3.956378601,-35.4199991,-12.6,3,-12.4,-37.889999,-12.4,-35.8099991,chunk_3_49,2933208
2.62,CE1,206,-2.8599999,-39.950001,0,3.8199999,-4.652430831,2.7,-11.09577114,0.090124426,-36.1300011,-2.8599999,2,-3,-39.709999,-3,-36.5699989,chunk_2_33,
2.76,CE2,197,-4.6399999,-37.540001,0,0.30000001,0.999336876,2.22,1.555138525,-0.643029533,-37.24000099,-4.6399999,2,-4.8299999,-37.259998,-4.8299999,-32.0799982,chunk_2_47,
2.75,CE2,198,-4.4299998,-37.77,0,0.64999998,0.999336876,3.5,1.555138525,-0.643029533,-37.12000002,-4.4299998,2,-4.6399999,-37.540001,-4.6399999,-37.24000099,chunk_2_46,
2.74,CE2,190,-4.3800001,-37.84,0,0.74000001,0.999336876,3.5,1.555138525,-0.643029533,-37.09999999,-4.3800001,2,-4.4299998,-37.77,-4.4299998,-37.12000002,chunk_2_45,
2.73,CE2,199,-4.0999999,-38.150002,0,1.1900001,0.999336876,3.51,1.555138525,-0.643029533,-36.9600019,-4.0999999,2,-4.3800001,-37.84,-4.3800001,-37.09999999,chunk_2_44,
2.72,CE2,191,-4,-38.220001,0,1.3,0.999336876,3.5,1.555138525,-0.643029533,-36.920001,-4,2,-4.0999999,-38.150002,-4.0999999,-36.9600019,chunk_2_43,
2.71,CE2,200,-3.8199999,-38.400002,0,1.5700001,0.999336876,3.49,1.555138525,-0.643029533,-36.8300019,-3.8199999,2,-4,-38.220001,-4,-36.920001,chunk_2_42,
2.7,CE2,201,-3.7,-38.59,0,1.8200001,0.999336876,3.49,1.555138525,-0.643029533,-36.7699999,-3.7,2,-3.8199999,-38.400002,-3.8199999,-36.8300019,chunk_2_41,
2.69,CE2,192,-3.55,-38.810001,0,2.1199999,0.999336876,3.49,1.555138525,-0.643029533,-36.6900011,-3.55,2,-3.7,-38.59,-3.7,-36.7699999,chunk_2_40,
2.68,CE2,202,-3.47,-38.93,0,2.27,0.999336876,3.49,1.555138525,-0.643029533,-36.66,-3.47,2,-3.55,-38.810001,-3.55,-36.6900011,chunk_2_39,
2.67,CE2,193,-3.4100001,-39.060001,0,2.4400001,0.999336876,3.49,1.555138525,-0.643029533,-36.6200009,-3.4100001,2,-3.47,-38.93,-3.47,-36.66,chunk_2_38,
2.66,CE2,203,-3.3299999,-39.16,0,2.5699999,0.999336876,3.49,1.555138525,-0.643029533,-36.5900001,-3.3299999,2,-3.4100001,-39.060001,-3.4100001,-36.6200009,chunk_2_37,
2.65,CE2,204,-3.1800001,-39.380001,0,2.8599999,0.999336876,3.49,1.555138525,-0.643029533,-36.5200011,-3.1800001,2,-3.3299999,-39.16,-3.3299999,-36.5900001,chunk_2_36,
2.64,CE2,194,-3.0799999,-39.549999,0,3.1700001,0.999336876,3.49,1.555138525,-0.643029533,-36.3799989,-3.0799999,2,-3.1800001,-39.380001,-3.1800001,-36.5200011,chunk_2_35,
2.63,CE2,205,-3,-39.709999,0,3.1400001,0.999336876,3.49,1.555138525,-0.643029533,-36.5699989,-3,2,-3.0799999,-39.549999,-3.0799999,-36.3799989,chunk_2_34,
3.78,ES,83,-21.299999,-40.959999,0,4.1500001,-0.410991751,3.8,-0.435810811,2.294573643,-36.8099989,-21.299999,3,-21.190001,-40.93,-21.190001,-36.68,chunk_3_11,
3.79,ES,84,-21.190001,-40.93,0,4.25,-0.410991751,3.8,-0.435810811,2.294573643,-36.68,-21.190001,3,-20.99,-40.810001,-20.99,-36.560001,chunk_3_12,3204302
3.8,ES,85,-20.99,-40.810001,0,4.25,-0.410991751,3.8,-0.435810811,2.294573643,-36.560001,-20.99,3,-20.870001,-40.759998,-20.870001,-36.529998,chunk_3_13,3203320
3.81,ES,264,-20.870001,-40.759998,0,4.23,-0.410991751,3.77,-0.435810811,2.294573643,-36.529998,-20.870001,3,-20.83,-40.700001,-20.83,-36.5000012,chunk_3_14,3202801
3.82,ES,265,-20.83,-40.700001,0,4.1999998,-0.410991751,3.74,-0.435810811,2.294573643,-36.5000012,-20.83,3,-20.76,-40.57,-20.76,-36.4500001,chunk_3_15,3204203
3.83,ES,86,-20.76,-40.57,0,4.1199999,-0.410991751,3.6600001,-0.435810811,2.294573643,-36.4500001,-20.76,3,-20.530001,-40.369999,-20.530001,-36.2799988,chunk_3_16,3200409
3.84,ES,87,-20.530001,-40.369999,0,4.0900002,-0.410991751,3.6199999,-0.435810811,2.294573643,-36.2799988,-20.530001,3,-20.32,-40.27,-20.32,-36.0799999,chunk_3_17,3202405
3.85,ES,88,-20.32,-40.27,0,4.1900001,-0.410991751,3.6199999,-0.435810811,2.294573643,-36.0799999,-20.32,3,-20.24,-40.220001,-20.24,-36.0200012,chunk_3_18,3205200
3.86,ES,90,-20.24,-40.220001,0,4.1999998,-0.410991751,3.6500001,-0.435810811,2.294573643,-36.0200012,-20.24,3,-20.049999,-40.189999,-20.049999,-35.8899988,chunk_3_19,3205309
3.87,ES,89,-20.049999,-40.189999,0,4.3000002,-0.410991751,3.6500001,-0.435810811,2.294573643,-35.8899988,-20.049999,3,-20.01,-40.16,-20.01,-35.8199998,chunk_3_20,3205002
3.88,ES,91,-20.01,-40.16,0,4.3400002,-0.410991751,3.6600001,-0.435810811,2.294573643,-35.8199998,-20.01,3,-19.690001,-39.91,-19.690001,-35.6000001,chunk_3_21,3202207
3.89,ES,92,-19.690001,-39.91,0,4.3099999,-0.410991751,3.73,-0.435810811,2.294573643,-35.6000001,-19.690001,3,-19.09,-39.720001,-19.09,-36.8200009,chunk_3_22,3200607
3.91,ES,93,-19.09,-39.720001,0,2.9000001,-0.410991751,3.9000001,-0.435810811,2.294573643,-36.8200009,-19.09,3,-18.709999,-39.75,-18.709999,-38.15,chunk_3_23,3203205
3.9,ES,94,-18.709999,-39.75,0,1.6,-0.410991751,3.99,-0.435810811,2.294573643,-38.15,-18.709999,3,-18,-39.490002,-18,-35.1300019,chunk_3_24,3204906
2.116,MA1,227,-2.1400001,-44.470001,0,3.05,1.078276997,NA,1.863486239,-0.536628594,-41.420001,-2.1400001,2,-2.25,-43.630001,-2.25,-40.9800009,chunk_2_24,
2.114,MA1,228,-2.02,-44.5,0,3.0599999,1.078276997,3.8599999,1.863486239,-0.536628594,-41.4400001,-2.02,2,-2.1400001,-44.470001,-2.1400001,-41.420001,chunk_2_23,
2.113,MA1,229,-1.89,-44.549999,0,3.04,1.078276997,3.8199999,1.863486239,-0.536628594,-41.509999,-1.89,2,-2.02,-44.5,-2.02,-41.4400001,chunk_2_22,
2.111,MA1,230,-1.76,-44.610001,0,3.05,1.078276997,3.8,1.863486239,-0.536628594,-41.560001,-1.76,2,-1.89,-44.549999,-1.89,-41.509999,chunk_2_21,
2.106,MA1,231,-1.46,-44.77,0,3.27,1.078276997,3.55,1.863486239,-0.536628594,-41.5,-1.46,2,-1.76,-44.610001,-1.76,-41.560001,chunk_2_20,
2.103,MA1,272,-1.37,-44.869999,0,3.5,1.078276997,3.51,1.863486239,-0.536628594,-41.369999,-1.37,2,-1.46,-44.77,-1.46,-41.5,chunk_2_19,
2.99,MA1,273,-1.3099999,-45.349998,0,0.31999999,1.078276997,3.6300001,1.863486239,-0.536628594,-45.02999801,-1.3099999,2,-1.26,-44.950001,-1.26,-40.990001,chunk_2_17,
2.102,MA1,232,-1.26,-44.950001,0,3.96,1.078276997,NA,1.863486239,-0.536628594,-40.990001,-1.26,2,-1.37,-44.869999,-1.37,-41.369999,chunk_2_18,
2.98,MA1,233,-1.1900001,-45.57,0,4.4000001,1.078276997,3.54,1.863486239,-0.536628594,-41.1699999,-1.1900001,2,-1.3099999,-45.349998,-1.3099999,-45.02999801,chunk_2_16,
2.97,MA1,274,-1.1,-45.77,0,4.5,1.078276997,3.55,1.863486239,-0.536628594,-41.27,-1.1,2,-1.1900001,-45.57,-1.1900001,-41.1699999,chunk_2_15,
2.95,MA1,247,-1.05,-45.869999,0,4.6399999,1.078276997,NA,1.863486239,-0.536628594,-41.2299991,-1.05,2,-1.1,-45.77,-1.1,-41.27,chunk_2_14,
2.132,MA2,212,-2.76,-41.779999,0,0.12,1.455888042,3.54,8.664256198,-0.115416716,-41.659999,-2.76,2,-2.8599999,-41.650002,-2.8599999,-41.32000199,chunk_2_30,
2.131,MA2,214,-2.6900001,-42.220001,0,0.57999998,1.455888042,3.5,8.664256198,-0.115416716,-41.64000102,-2.6900001,2,-2.76,-41.779999,-2.76,-41.659999,chunk_2_29,
2.129,MA2,217,-2.6199999,-42.639999,0,1.2,1.455888042,3.5999999,8.664256198,-0.115416716,-41.439999,-2.6199999,2,-2.6900001,-42.220001,-2.6900001,-41.64000102,chunk_2_28,
2.128,MA2,215,-2.46,-43.02,0,1.7,1.455888042,3.7,8.664256198,-0.115416716,-41.32,-2.46,2,-2.6199999,-42.639999,-2.6199999,-41.439999,chunk_2_27,
2.127,MA2,216,-2.3399999,-43.380001,0,1.9299999,1.455888042,3.8199999,8.664256198,-0.115416716,-41.4500011,-2.3399999,2,-2.46,-43.02,-2.46,-41.32,chunk_2_26,
2.124,MA2,222,-2.25,-43.630001,0,2.6500001,1.455888042,NA,8.664256198,-0.115416716,-40.9800009,-2.25,2,-2.3399999,-43.380001,-2.3399999,-41.4500011,chunk_2_25,
2.161,PA,244,-0.88,-46.209999,0,0.27000001,1.163356872,NA,2.31701201,-0.431590339,-45.93999899,-0.88,2,-1.05,-45.869999,-1.05,-41.2299991,chunk_2_13,
2.158,PA,235,-0.79000002,-46.669998,0,0.75999999,1.163356872,NA,2.31701201,-0.431590339,-45.90999801,-0.79000002,2,-0.88,-46.209999,-0.88,-45.93999899,chunk_2_12,
2.137,PA,284,-0.75,-48.509998,0,0.37,1.163356872,4.2199998,2.31701201,-0.431590339,-48.139998,-0.75,2,-0.54000002,-47.709999,-0.54000002,-45.5899991,chunk_2_3,
2.156,PA,241,-0.74000001,-46.860001,0,0.97000003,1.163356872,NA,2.31701201,-0.431590339,-45.89000097,-0.74000001,2,-0.79000002,-46.669998,-0.79000002,-45.90999801,chunk_2_11,
2.154,PA,242,-0.69999999,-46.970001,0,1.36,1.163356872,NA,2.31701201,-0.431590339,-45.610001,-0.69999999,2,-0.74000001,-46.860001,-0.74000001,-45.89000097,chunk_2_10,
2.152,PA,325,-0.67000002,-47.099998,0,1.4,1.163356872,NA,2.31701201,-0.431590339,-45.699998,-0.67000002,2,-0.69999999,-46.970001,-0.69999999,-45.610001,chunk_2_9,
2.149,PA,279,-0.63999999,-47.43,0,1.63,1.163356872,3.8599999,2.31701201,-0.431590339,-45.8,-0.63999999,2,-0.58999997,-47.330002,-0.58999997,-45.780002,chunk_2_6,
2.151,PA,236,-0.62,-47.259998,0,1.5,1.163356872,3.5,2.31701201,-0.431590339,-45.759998,-0.62,2,-0.67000002,-47.099998,-0.67000002,-45.699998,chunk_2_8,
2.15,PA,280,-0.58999997,-47.330002,0,1.55,1.163356872,NA,2.31701201,-0.431590339,-45.780002,-0.58999997,2,-0.62,-47.259998,-0.62,-45.759998,chunk_2_7,
2.148,PA,277,-0.56999999,-47.580002,0,1.8,1.163356872,NA,2.31701201,-0.431590339,-45.780002,-0.56999999,2,-0.63999999,-47.43,-0.63999999,-45.8,chunk_2_5,
2.145,PA,240,-0.54000002,-47.709999,0,2.1199999,1.163356872,NA,2.31701201,-0.431590339,-45.5899991,-0.54000002,2,-0.56999999,-47.580002,-0.56999999,-45.780002,chunk_2_4,
2.138,PA,249,-0.22,-48.52,0,2.77,1.163356872,NA,2.31701201,-0.431590339,-45.75,-0.22,2,-0.75,-48.509998,-0.75,-48.139998,chunk_2_2,
2.134,PA,321,0.69999999,-50.23,0,5.1199999,1.163356872,NA,2.31701201,-0.431590339,-45.1100001,0.69999999,2,-0.22,-48.52,-0.22,-45.75,chunk_2_1,
3.169,PB,165,-7.2399998,-34.810001,0,3.3800001,0.377680083,3.6199999,0.396725192,-2.520636499,-31.4300009,-7.2399998,3,-7.0599999,-34.84,-7.0599999,-31.4299999,chunk_3_89,2607901
3.167,PB,152,-7.0599999,-34.84,0,3.4100001,0.377680083,3.6199999,0.396725192,-2.520636499,-31.4299999,-7.0599999,3,-6.96,-34.84,-6.96,-31.4499999,chunk_3_90,2611606
3.168,PB,166,-6.96,-34.84,0,3.3900001,0.377680083,3.6300001,0.396725192,-2.520636499,-31.4499999,-6.96,3,-6.8600001,-34.900002,-6.8600001,-31.4600019,chunk_3_91,2609600
3.166,PB,153,-6.8600001,-34.900002,0,3.4400001,0.377680083,3.6400001,0.396725192,-2.520636499,-31.4600019,-6.8600001,3,-6.77,-34.919998,-6.77,-31.4799979,chunk_3_92,2610707
3.165,PB,167,-6.77,-34.919998,0,3.4400001,0.377680083,3.6500001,0.396725192,-2.520636499,-31.4799979,-6.77,3,-6.7199998,-34.93,-6.7199998,-31.4899999,chunk_3_93,2606804
3.164,PB,154,-6.7199998,-34.93,0,3.4400001,0.377680083,3.6500001,0.396725192,-2.520636499,-31.4899999,-6.7199998,3,-6.4899998,-34.970001,-6.4899998,-31.5500009,chunk_3_94,2607604
3.163,PB,168,-6.4899998,-34.970001,0,3.4200001,0.377680083,0.55000001,0.396725192,-2.520636499,-31.5500009,-6.4899998,3,-6.3099999,-35.029999,-6.3099999,-34.60999901,chunk_3_95,2606200
3.173,PE,158,-8.3699999,-34.959999,0,3.48,-0.455483581,3.49,-0.489836227,2.041498656,-31.479999,-8.3699999,3,-8.2200003,-34.93,-8.2200003,-31.46,chunk_3_78,
3.174,PE,159,-8.2200003,-34.93,0,3.47,-0.455483581,3.51,-0.489836227,2.041498656,-31.46,-8.2200003,3,-8.1499996,-34.91,-8.1499996,-31.45,chunk_3_79,
3.175,PE,148,-8.1499996,-34.91,0,3.46,-0.455483581,3.51,-0.489836227,2.041498656,-31.45,-8.1499996,3,-8.04,-34.860001,-8.04,-31.4300009,chunk_3_80,2707404
3.176,PE,149,-8.04,-34.860001,0,3.4300001,-0.455483581,3.51,-0.489836227,2.041498656,-31.4300009,-8.04,3,-7.96,-34.830002,-7.96,-31.4400019,chunk_3_81,2703601
3.181,PE,160,-7.96,-34.830002,0,3.3900001,-0.455483581,3.52,-0.489836227,2.041498656,-31.4400019,-7.96,3,-7.8400002,-34.84,-7.8400002,-31.4199999,chunk_3_82,2704500
3.179,PE,161,-7.8400002,-34.84,0,3.4200001,-0.455483581,3.52,-0.489836227,2.041498656,-31.4199999,-7.8400002,3,-7.8200002,-34.84,-7.8200002,-31.4199999,chunk_3_83,2613404
3.18,PE,150,-7.8200002,-34.84,0,3.4200001,-0.455483581,3.52,-0.489836227,2.041498656,-31.4199999,-7.8200002,3,-7.6900001,-34.849998,-7.6900001,-31.4299979,chunk_3_84,2601409
3.177,PE,162,-7.6900001,-34.849998,0,3.4200001,-0.455483581,3.55,-0.489836227,2.041498656,-31.4299979,-7.6900001,3,-7.5500002,-34.830002,-7.5500002,-31.4100019,chunk_3_85,2614857
3.182,PE,151,-7.5500002,-34.830002,0,3.4200001,-0.455483581,3.55,-0.489836227,2.041498656,-31.4100019,-7.5500002,3,-7.3800001,-34.849998,-7.3800001,-33.089998,chunk_3_86,2614204
3.178,PE,163,-7.3800001,-34.849998,0,1.76,-0.455483581,3.5799999,-0.489836227,2.041498656,-33.089998,-7.3800001,3,-7.3800001,-34.799999,-7.3800001,-33.419999,chunk_3_87,2607208
3.183,PE,164,-7.3800001,-34.799999,0,1.38,-0.455483581,3.6099999,-0.489836227,2.041498656,-33.419999,-7.3800001,3,-7.2399998,-34.810001,-7.2399998,-31.4300009,chunk_3_88,2602902
2.186,PI,210,-2.9000001,-41.439999,0,0.12,1.209099494,3.4000001,2.643115942,-0.37834133,-41.319999,-2.9000001,2,-2.8599999,-39.950001,-2.8599999,-36.1300011,chunk_2_32,
2.185,PI,213,-2.8599999,-41.650002,0,0.33000001,1.095480444,3.5,2.643115942,-0.37834133,-41.32000199,-2.8599999,2,-2.9000001,-41.439999,-2.9000001,-41.319999,chunk_2_31,
5.19,PR,47,-25.49,-48.310001,0,0.62,-0.663489615,1,-0.781711666,1.279244053,-47.690001,-25.49,5,-25.309999,-48.099998,-25.309999,-47.899998,chunk_5_47,
3.195,RJ1,72,-22.83,-41.98,0,3.8900001,-0.7,3.5999999,-0.493842257,2.024938097,-38.0899999,-22.83,3,-23.01,-42,-23.01,-38.1,chunk_3_1,3300258
3.197,RJ1,73,-22.82,-41.970001,0,3.76,-0.7,NA,-0.493842257,2.024938097,-38.210001,-22.82,3,-22.6,-41.990002,-22.6,-38.3200019,chunk_3_2,3300233
3.194,RJ1,77,-22.6,-41.990002,0,3.6700001,-0.7,3.74,-0.493842257,2.024938097,-38.3200019,-22.6,3,-22.559999,-41.98,-22.559999,-38.18,chunk_3_3,3300704
3.196,RJ1,74,-22.559999,-41.98,0,3.8,-0.7,3.4200001,-0.493842257,2.024938097,-38.18,-22.559999,3,-22.42,-41.82,-22.42,-38.57,chunk_3_4,3301306
3.199,RJ1,78,-22.42,-41.82,0,3.25,-0.8,3.95,-0.493842257,2.024938097,-38.57,-22.42,3,-22.299999,-41.689999,-22.299999,-38.709999,chunk_3_5,3304524
3.2,RJ1,262,-22.299999,-41.689999,0,2.98,-0.84,3.78,-0.493842257,2.024938097,-38.709999,-22.299999,3,-22.23,-41.540001,-22.23,-38.810001,chunk_3_6,3302403
3.201,RJ1,79,-22.23,-41.540001,0,2.73,-0.94,3.79,-0.493842257,2.024938097,-38.810001,-22.23,3,-22.09,-41.130001,-22.09,-39.140001,chunk_3_7,3300936
3.202,RJ1,80,-22.09,-41.130001,0,1.99,-0.9,3.6500001,-0.493842257,2.024938097,-39.140001,-22.09,3,-21.91,-40.98,-21.91,-39.5,chunk_3_8,3304151
3.204,RJ1,81,-21.91,-40.98,0,1.48,-0.05,1.65,-0.493842257,2.024938097,-39.5,-21.91,3,-21.620001,-41.009998,-21.620001,-40.21999798,chunk_3_9,3301009
3.203,RJ1,82,-21.620001,-41.009998,0,0.79000002,-0.05,1.2,-0.493842257,2.024938097,-40.21999798,-21.620001,3,-21.299999,-40.959999,-21.299999,-36.8099989,chunk_3_10,3305000
4.206,RJ2,327,-23.370001,-44.73,0,6.9499998,-1.289758066,NA,-3.46405794,0.288678774,-37.7800002,-23.370001,4,-23.370001,-44.73,-23.370001,-37.9299998,chunk_4_13,3520400
4.207,RJ2,65,-23.370001,-44.73,0,6.8000002,-1.289758066,NA,-3.46405794,0.288678774,-37.9299998,-23.370001,4,-23.23,-44.349998,-23.23,-37.6699982,chunk_4_14,3510500
4.209,RJ2,60,-23.23,-44.349998,0,6.6799998,-1.48,NA,-3.46405794,0.288678774,-37.6699982,-23.23,4,-23.1,-43.990002,-23.1,-37.5900019,chunk_4_15,3555406
4.212,RJ2,66,-23.1,-43.990002,0,6.4000001,-1.48,NA,-3.46405794,0.288678774,-37.5900019,-23.1,4,-23.08,-43.560001,-23.08,-37.560001,chunk_4_16,3300100
4.215,RJ2,70,-23.08,-43.560001,0,6,-1.48,NA,-3.46405794,0.288678774,-37.560001,-23.08,4,-22.93,-42.040001,-22.93,-38.040001,chunk_4_17,3302601
4.221,RJ2,75,-22.93,-42.040001,0,4,-1.48,NA,-3.46405794,0.288678774,-38.040001,-22.93,4,-23.01,-42,-23.01,-38.0999999,chunk_4_18,3302007
2.236,RN1,187,-5.27,-35.380001,0,3.76,0.96100322,3.4400001,1.431411863,-0.698610949,-31.620001,-5.27,2,-5.38,-35.33,-5.38,-31.81,chunk_2_54,
2.235,RN1,175,-5.1199999,-35.619999,0,3.9400001,0.96100322,3.45,1.431411863,-0.698610949,-31.6799989,-5.1199999,2,-5.27,-35.380001,-5.27,-31.620001,chunk_2_53,
2.234,RN1,174,-5.0799999,-35.790001,0,3.9400001,0.96100322,3.5,1.431411863,-0.698610949,-31.8500009,-5.0799999,2,-5.1199999,-35.619999,-5.1199999,-31.6799989,chunk_2_52,
2.233,RN1,177,-5.0599999,-35.91,0,3.97,0.96100322,3.53,1.431411863,-0.698610949,-31.94,-5.0599999,2,-5.0799999,-35.790001,-5.0799999,-31.8500009,chunk_2_51,
2.227,RN1,188,-4.9499998,-36.880001,0,5.0599999,0.96100322,3.75,1.431411863,-0.698610949,-31.8200011,-4.9499998,2,-5.0599999,-35.91,-5.0599999,-31.94,chunk_2_50,
2.224,RN1,196,-4.8800001,-37.220001,0,5.1999998,0.96100322,3.71,1.431411863,-0.698610949,-32.0200012,-4.8800001,2,-4.9499998,-36.880001,-4.9499998,-31.8200011,chunk_2_49,
2.223,RN1,189,-4.8299999,-37.259998,0,5.1799998,0.96100322,3.7,1.431411863,-0.698610949,-32.0799982,-4.8299999,2,-4.8800001,-37.220001,-4.8800001,-32.0200012,chunk_2_48,
3.245,RN2,182,-6.3099999,-35.029999,0,0.41999999,0.629018855,NA,0.727613073,-1.374356835,-34.60999901,-6.3099999,3,-6.2800002,-35.029999,-6.2800002,-34.57999901,chunk_3_96,
3.246,RN2,169,-6.2800002,-35.029999,0,0.44999999,0.629018855,3.78,0.727613073,-1.374356835,-34.57999901,-6.2800002,3,-6.1799998,-35.09,-6.1799998,-34.28999999,chunk_3_97,
3.244,RN2,183,-6.1799998,-35.09,0,0.80000001,0.629018855,3.78,0.727613073,-1.374356835,-34.28999999,-6.1799998,3,-6.1399999,-35.099998,-6.1399999,-34.14999801,chunk_3_98,
3.243,RN2,170,-6.1399999,-35.099998,0,0.94999999,0.629018855,3.78,0.727613073,-1.374356835,-34.14999801,-6.1399999,3,-5.98,-35.119999,-5.98,-33.659999,chunk_3_99,
3.242,RN2,171,-5.98,-35.119999,0,1.46,0.629018855,3.77,0.727613073,-1.374356835,-33.659999,-5.98,3,-5.9000001,-35.150002,-5.9000001,-33.400002,chunk_3_100,2504603
3.241,RN2,184,-5.9000001,-35.150002,0,1.75,0.629018855,3.76,0.727613073,-1.374356835,-33.400002,-5.9000001,3,-5.7399998,-35.200001,-5.7399998,-32.910001,chunk_3_101,2507507
3.24,RN2,185,-5.7399998,-35.200001,0,2.29,0.629018855,3.74,0.727613073,-1.374356835,-32.910001,-5.7399998,3,-5.6100001,-35.23,-5.6100001,-32.52,chunk_3_102,2503209
3.239,RN2,172,-5.6100001,-35.23,0,2.71,0.629018855,3.73,0.727613073,-1.374356835,-32.52,-5.6100001,3,-5.52,-35.259998,-5.52,-32.239998,chunk_3_103,2508604
3.238,RN2,186,-5.52,-35.259998,0,3.02,0.629018855,3.71,0.727613073,-1.374356835,-32.239998,-5.52,3,-5.3800001,-35.330002,-5.3800001,-31.810002,chunk_3_104,2512903
5.248,RS,1,-33.75,-53.369999,0,5.1199999,-0.729362252,3.8499999,-0.893769679,1.118856484,-48.2499991,-33.75,5,-32.639999,-52.43,-32.639999,-47.3100001,chunk_5_1,4317301
5.249,RS,2,-32.639999,-52.43,0,5.1199999,-0.729362252,3.9100001,-0.893769679,1.118856484,-47.3100001,-32.639999,5,-32.150002,-52.080002,-32.150002,-46.9300019,chunk_5_2,4315602
5.25,RS,4,-32.150002,-52.080002,0,5.1500001,-0.729362252,3.9300001,-0.893769679,1.118856484,-46.9300019,-32.150002,5,-31.5,-51.189999,-31.5,-46.6099991,chunk_5_3,4318507
5.251,RS,6,-31.5,-51.189999,0,4.5799999,-0.729362252,3.6700001,-0.893769679,1.118856484,-46.6099991,-31.5,5,-31.190001,-50.84,-31.190001,-46.5799998,chunk_5_4,4321352
5.252,RS,8,-31.190001,-50.84,0,4.2600002,-0.729362252,3.6700001,-0.893769679,1.118856484,-46.5799998,-31.190001,5,-30.5,-50.34,-30.5,-47.56,chunk_5_5,4312500
5.253,RS,11,-30.5,-50.34,0,2.78,-0.729362252,3.8,-0.893769679,1.118856484,-47.56,-30.5,5,-30.299999,-50.25,-30.299999,-47.8399999,chunk_5_6,4313656
5.254,RS,3,-30.299999,-50.25,0,2.4100001,-0.729362252,3.8399999,-0.893769679,1.118856484,-47.8399999,-30.299999,5,-30.23,-50.23,-30.23,-47.94,chunk_5_7,4301636
5.255,RS,5,-30.23,-50.23,0,2.29,-0.729362252,3.8499999,-0.893769679,1.118856484,-47.94,-30.23,5,-30.1,-50.169998,-30.1,-48.119998,chunk_5_8,4305454
5.256,RS,7,-30.1,-50.169998,0,2.05,-0.729362252,3.8699999,-0.893769679,1.118856484,-48.119998,-30.1,5,-29.969999,-50.119999,-29.969999,-48.2999989,chunk_5_9,4321600
5.257,RS,9,-29.969999,-50.119999,0,1.8200001,-0.729362252,3.8900001,-0.893769679,1.118856484,-48.2999989,-29.969999,5,-29.879999,-50.080002,-29.879999,-48.470002,chunk_5_10,4310330
5.258,RS,15,-29.879999,-50.080002,0,1.61,-0.729362252,3.9200001,-0.893769679,1.118856484,-48.470002,-29.879999,5,-29.860001,-50.060001,-29.860001,-48.5000011,chunk_5_11,4313508
5.259,RS,12,-29.860001,-50.060001,0,1.5599999,-0.729362252,3.9200001,-0.893769679,1.118856484,-48.5000011,-29.860001,5,-29.77,-50.02,-29.77,-48.62,chunk_5_12,4323804
5.26,RS,10,-29.77,-50.02,0,1.4,-0.729362252,3.9300001,-0.893769679,1.118856484,-48.62,-29.77,5,-29.620001,-49.93,-29.620001,-48.8,chunk_5_13,4304630
5.261,RS,19,-29.620001,-49.93,0,1.13,-0.729362252,3.9300001,-0.893769679,1.118856484,-48.8,-29.620001,5,-29.610001,-49.919998,-29.610001,-48.869998,chunk_5_14,4321436
5.262,RS,13,-29.610001,-49.919998,0,1.05,-0.729362252,3.9300001,-0.893769679,1.118856484,-48.869998,-29.610001,5,-29.440001,-49.799999,-29.440001,-49.06999898,chunk_5_15,4301057
5.263,RS,20,-29.440001,-49.799999,0,0.73000002,-0.729362252,3.9300001,-0.893769679,1.118856484,-49.06999898,-29.440001,5,-29.32,-49.709999,-29.32,-49.21999899,chunk_5_16,4321501
5.264,RS,14,-29.32,-49.709999,0,0.49000001,-0.729362252,3.9200001,-0.893769679,1.118856484,-49.21999899,-29.32,5,-29.24,-49.650002,-29.24,-49.36000201,chunk_5_17,
5.265,RS,21,-29.24,-49.650002,0,0.28999999,-0.729362252,3.9000001,-0.893769679,1.118856484,-49.36000201,-29.24,5,-29.1,-49.52,-29.1,-44.9000001,chunk_5_18,
5.272,SC1,26,-28.110001,-48.630001,0,3.96,-0.03364043,3.9300001,-0.033653125,29.71492205,-44.670001,-28.110001,5,-27.950001,-48.619999,-27.950001,-44.629999,chunk_5_25,4207304
5.274,SC1,18,-27.950001,-48.619999,0,3.99,-0.03364043,3.95,-0.033653125,29.71492205,-44.629999,-27.950001,5,-27.9,-48.59,-27.9,-44.6899999,chunk_5_26,4205704
5.277,SC1,28,-27.9,-48.59,0,3.9000001,-0.03364043,3.9300001,-0.033653125,29.71492205,-44.6899999,-27.9,5,-27.84,-48.580002,-27.84,-44.7400021,chunk_5_27,4212304
5.282,SC1,27,-27.84,-48.580002,0,3.8399999,-0.03364043,3.9400001,-0.033653125,29.71492205,-44.7400021,-27.84,5,-27.41,-48.529999,-27.41,-45.4499991,chunk_5_28,4211900
5.287,SC1,36,-27.41,-48.529999,0,3.0799999,-0.03364043,3.48,-0.033653125,29.71492205,-45.4499991,-27.41,5,-27.309999,-48.59,-27.309999,-45.59,chunk_5_29,4205407
5.278,SC1,29,-27.309999,-48.59,0,3,-0.03364043,3.27,-0.033653125,29.71492205,-45.59,-27.309999,5,-27.209999,-48.580002,-27.209999,-45.7500021,chunk_5_30,4206009
5.283,SC1,37,-27.209999,-48.580002,0,2.8299999,-0.03364043,3.1400001,-0.033653125,29.71492205,-45.7500021,-27.209999,5,-27.110001,-48.509998,-27.110001,-46.1699981,chunk_5_31,4218004
5.288,SC1,38,-27.110001,-48.509998,0,2.3399999,-0.03364043,2.8399999,-0.033653125,29.71492205,-46.1699981,-27.110001,5,-27.059999,-48.59,-27.059999,-45.79,chunk_5_32,4202453
5.28,SC1,31,-27.059999,-48.59,0,2.8,-0.03364043,2.76,-0.033653125,29.71492205,-45.79,-27.059999,5,-26.959999,-48.630001,-26.959999,-46.370001,chunk_5_33,4202453
5.273,SC1,39,-26.959999,-48.630001,0,2.26,-0.03364043,2.6400001,-0.033653125,29.71492205,-46.370001,-26.959999,5,-26.91,-48.639999,-26.91,-46.149999,chunk_5_34,4208302
5.271,SC1,34,-26.91,-48.639999,0,2.49,-0.03364043,2.51,-0.033653125,29.71492205,-46.149999,-26.91,5,-26.82,-48.619999,-26.82,-46.319999,chunk_5_35,4202008
5.275,SC1,32,-26.82,-48.619999,0,2.3,-0.03364043,2.3499999,-0.033653125,29.71492205,-46.319999,-26.82,5,-26.77,-48.66,-26.77,-46.66,chunk_5_36,4208203
5.268,SC1,40,-26.77,-48.66,0,2,-0.03364043,2.26,-0.033653125,29.71492205,-46.66,-26.77,5,-26.719999,-48.68,-26.719999,-46.4899999,chunk_5_37,4211306
5.267,SC1,41,-26.719999,-48.68,0,2.1900001,-0.03364043,2.2,-0.033653125,29.71492205,-46.4899999,-26.719999,5,-26.58,-48.66,-26.58,-46.5400001,chunk_5_38,4212502
5.269,SC1,33,-26.58,-48.66,0,2.1199999,-0.03364043,1.99,-0.033653125,29.71492205,-46.5400001,-26.58,5,-26.549999,-48.650002,-26.549999,-46.980002,chunk_5_39,4212809
5.27,SC1,42,-26.549999,-48.650002,0,1.67,-0.03364043,1.8,-0.033653125,29.71492205,-46.980002,-26.549999,5,-26.450001,-48.59,-26.450001,-46.8999999,chunk_5_40,4202107
5.281,SC1,43,-26.450001,-48.59,0,1.6900001,-0.03364043,1.67,-0.033653125,29.71492205,-46.8999999,-26.450001,5,-26.17,-48.57,-26.17,-47.44,chunk_5_41,4201307
5.284,SC1,48,-26.17,-48.57,0,1.13,-0.03364043,1.24,-0.033653125,29.71492205,-47.44,-26.17,5,-26.17,-48.57,-26.17,-47.77999998,chunk_5_42,4202057
5.285,SC1,256,-26.17,-48.57,0,0.79000002,-0.03364043,1.02,-0.033653125,29.71492205,-47.77999998,-26.17,5,-25.98,-48.599998,-25.98,-47.729998,chunk_5_43,4216206
5.276,SC1,44,-25.98,-48.599998,0,0.87,-0.03364043,0.92000002,-0.033653125,29.71492205,-47.729998,-25.98,5,-25.85,-48.549999,-25.85,-47.919999,chunk_5_44,4216206
5.286,SC1,45,-25.85,-48.549999,0,0.63,-0.03364043,0.63999999,-0.033653125,29.71492205,-47.919999,-25.85,5,-25.709999,-48.48,-25.709999,-48.17999999,chunk_5_45,4208450
5.289,SC1,46,-25.709999,-48.48,0,0.30000001,-0.03364043,0.31999999,-0.033653125,29.71492205,-48.17999999,-25.709999,5,-25.49,-48.310001,-25.49,-47.690001,chunk_5_46,
5.292,SC2,16,-29.1,-49.52,0,4.6199999,-0.806350845,NA,-1.042808583,0.958948762,-44.9000001,-29.1,5,-28.959999,-49.380001,-28.959999,-44.860001,chunk_5_19,
5.294,SC2,22,-28.959999,-49.380001,0,4.52,-0.806350845,1.08,-1.042808583,0.958948762,-44.860001,-28.959999,5,-28.879999,-49.290001,-28.879999,-44.830001,chunk_5_20,
5.295,SC2,17,-28.879999,-49.290001,0,4.46,-0.806350845,1.28,-1.042808583,0.958948762,-44.830001,-28.879999,5,-28.799999,-49.189999,-28.799999,-44.8099989,chunk_5_21,4201406
5.296,SC2,23,-28.799999,-49.189999,0,4.3800001,-0.806350845,2.4300001,-1.042808583,0.958948762,-44.8099989,-28.799999,5,-28.620001,-48.860001,-28.620001,-44.7700008,chunk_5_22,4220000
5.297,SC2,24,-28.620001,-48.860001,0,4.0900002,-0.806350845,3.5899999,-1.042808583,0.958948762,-44.7700008,-28.620001,5,-28.34,-48.709999,-28.34,-44.709999,chunk_5_23,4208807
5.298,SC2,25,-28.34,-48.709999,0,4,-0.806350845,3.72,-1.042808583,0.958948762,-44.709999,-28.34,5,-28.110001,-48.630001,-28.110001,-44.670001,chunk_5_24,4209409
3.299,SE,127,-11.16,-37.16,0,1.92,-0.783414246,1,-0.996040017,1.003975727,-35.24,-11.16,3,-10.96,-37.040001,-10.96,-35.4800011,chunk_3_55,
3.3,SE,136,-10.96,-37.040001,0,1.5599999,-0.783414246,3.02,-0.996040017,1.003975727,-35.4800011,-10.96,3,-10.74,-36.849998,-10.74,-35.719998,chunk_3_56,
3.301,SE,128,-10.74,-36.849998,0,1.13,-0.783414246,3.5999999,-0.996040017,1.003975727,-35.719998,-10.74,3,-10.63,-36.68,-10.63,-35.87999999,chunk_3_57,
3.302,SE,129,-10.63,-36.68,0,0.80000001,-0.783414246,3.51,-0.996040017,1.003975727,-35.87999999,-10.63,3,-10.54,-36.5,-10.54,-35.98000002,chunk_3_58,
3.303,SE,266,-10.54,-36.5,0,0.51999998,-0.783414246,3.5,-0.996040017,1.003975727,-35.98000002,-10.54,3,-10.5,-36.400002,-10.5,-36.00000199,chunk_3_59,
3.304,SE,130,-10.5,-36.400002,0,0.40000001,-0.783414246,3.5,-0.996040017,1.003975727,-36.00000199,-10.5,3,-10.26,-36.259998,-10.26,-32.049998,chunk_3_60,2800308
4.31,SP1,324,-23.969999,-45.25,0,0.69999999,-0.593069826,NA,-0.674010861,1.483655617,-44.55000001,-23.969999,4,-23.719999,-45.330002,-23.719999,-44.330002,chunk_4_9,3548500
4.307,SP1,61,-23.719999,-45.330002,0,1,-0.593069826,NA,-0.674010861,1.483655617,-44.330002,-23.719999,4,-23.709999,-45.43,-23.709999,-44.48000001,chunk_4_10,3518701
4.306,SP1,259,-23.709999,-45.43,0,0.94999999,-0.593069826,NA,-0.674010861,1.483655617,-44.48000001,-23.709999,4,-23.58,-45.279999,-23.58,-44.41999899,chunk_4_11,3506359
4.309,SP1,58,-23.58,-45.279999,0,0.86000001,-0.593069826,1.3,-0.674010861,1.483655617,-44.41999899,-23.58,4,-23.370001,-44.73,-23.370001,-37.7800002,chunk_4_12,3550704
4.314,SP2,318,-25.191,-48.045601,0,4.5999999,-1.183123774,NA,-2.448958776,0.408336804,-43.4456011,-25.191,4,-25.049999,-47.91,-25.049999,-43.5600001,chunk_4_1,3509908
4.315,SP2,50,-25.049999,-47.91,0,4.3499999,-1.183123774,0.40000001,-2.448958776,0.408336804,-43.5600001,-25.049999,4,-24.67,-47.419998,-24.67,-43.8199981,chunk_4_2,3520426
4.316,SP2,51,-24.67,-47.419998,0,3.5999999,-1.183123774,1.58,-2.448958776,0.408336804,-43.8199981,-24.67,4,-24.450001,-47.080002,-24.450001,-43.840002,chunk_4_3,3520301
4.317,SP2,52,-24.450001,-47.080002,0,3.24,-1.183123774,2.3099999,-2.448958776,0.408336804,-43.840002,-24.450001,4,-24.25,-46.900002,-24.25,-43.870002,chunk_4_4,3537602
4.318,SP2,53,-24.25,-46.900002,0,3.03,-1.183123774,2.8699999,-2.448958776,0.408336804,-43.870002,-24.25,4,-24.139999,-46.709999,-24.139999,-44.1499991,chunk_4_5,3522109
4.319,SP2,55,-24.139999,-46.709999,0,2.5599999,-1.183123774,3.1500001,-2.448958776,0.408336804,-44.1499991,-24.139999,4,-24.09,-46.610001,-24.09,-44.160001,chunk_4_6,3531100
4.32,SP2,56,-24.09,-46.610001,0,2.45,-1.183123774,3.46,-2.448958776,0.408336804,-44.160001,-24.09,4,-24,-46.389999,-24,-44.2299989,chunk_4_7,3541000
4.321,SP2,54,-24,-46.389999,0,2.1600001,-1.183123774,3.72,-2.448958776,0.408336804,-44.2299989,-24,4,-23.969999,-45.25,-23.969999,-44.55000001,chunk_4_8,3551009
